category,phrase
Minimum viable move,"When that keeps happening, it affects the work. I need one clear change. If it can't happen, I'll take the next step myself."
Minimum viable move,Can I name a pattern I'm seeing and make one request?
Minimum viable move,"Quick one: when the scope changes mid-task, I lose the day."
Minimum viable move,"One ask — send changes in writing, and I'll re-quote before I continue."
Minimum viable move,I need it by Thursday; after that it moves to the next cycle.
Minimum viable move,"Small thing, but it keeps happening. Can we sort it?"
Minimum viable move,"Two-line version: this happens, I need that, or I'll do this."
Warm and collaborative,I'm raising this because I want us to work well together.
Warm and collaborative,"I want to keep helping, and I also need the scope to stay stable."
Warm and collaborative,None of this is about blame — I just want us on the same page.
Warm and collaborative,"I value your input; I'm asking about timing, not shutting it down."
Warm and collaborative,I'd rather say this now than let it quietly build up.
Warm and collaborative,I want your pushback — it makes the plan better.
Warm and collaborative,This matters to me because the working relationship matters.
Work and meetings,"When the draft comes in after the review window, I can't give it proper attention. I need it by Tuesday noon. If it's later, it moves to the next review cycle."
Work and meetings,"When side conversations happen while someone is presenting, it splits attention. Let's hold questions until the end; put anything urgent in the chat."
Work and meetings,"When I get several urgent pings without context, I lose time guessing priority. Please include the deadline and the decision needed. If I don't have that, I'll treat it as normal priority."
Work and meetings,"When requirements change after sign-off, the timeline and cost change too. Please send changes in writing; if the scope changes, I'll send an updated estimate before continuing."
Work and meetings,"When approval comes after the deadline, I can't protect quality. I need it by Thursday; if it's later, launch moves to the next cycle."
Work and meetings,In the last two meetings the decision changed after we'd agreed the scope. That makes it hard to plan. I need scope changes flagged before we close.
Clear ask and boundary,Please let me finish the timeline before challenging it.
Clear ask and boundary,I need the scope settled before I begin.
Clear ask and boundary,Please send changes in writing.
Clear ask and boundary,"I can do this if the scope stays fixed. If it changes again today, I'll pause and replan."
Clear ask and boundary,"Please clear your dishes before bed; if they're still there in the morning, I'll leave them on your side rather than doing them."
Clear ask and boundary,"Let me know as soon as you're unsure about plans. If it's last-minute again, I'll wait for you to suggest the next one."
Clear ask and boundary,"If the concern is urgent, say ""I need to interrupt for a risk,"" and I'll pause."
Soften and recover,"That came out sharper than I intended — I'm not threatening you, I'm being clear about what I can and can't do."
Soften and recover,I made that sound more like a threat than a boundary. Let me restate it.
Soften and recover,I'm not trying to diagnose your intention; I'm describing the behaviour I experienced.
Soften and recover,"The part I need to be clear about is my next step, not controlling yours."
Soften and recover,Let me separate the facts from my reaction.
Soften and recover,I skipped listening. Before I restate the request — what am I missing?
Soften and recover,"That was too much at once. One-line version: when this happens, I need that, or I'll do this."
Pressure and pushback,"You can absolutely challenge it — I'm asking for sequencing, not silence. Finish first, challenge second."
Pressure and pushback,"I can hear the consequence landed heavily; the request still matters, and I want to make it fair."
Pressure and pushback,"I'm not asking you to agree, only to hear what I need."
Pressure and pushback,"If we can't settle this here, I'll take it to the next step rather than keep going in circles."
Pressure and pushback,"Let's slow down. Here's the behaviour I mean, without the label."
Pressure and pushback,You can decide how you want to handle it; I'm being clear about what I'll do next.
