front,back
TC054: What is the minimum viable move?,I recognise that part. What has it been like on your side?
TC054: What is the core sequence?,"Shared point + modest signal + evidence + return of focus. -> ""I recognise that part too, at least the timeline piece. How has that been showing up for you?"" -> Professional: ""We are dealing with the same constraint - unclear priorities. The clean next step would be one owner per task. Does that match what you are seeing?"" -> High-pressure: ""We may not agree on every detail, but I think we share the concern about rework. Can we anchor there for the next five minutes?"" -> Minimum: ""I recognise that part. What has it been like on your side?""."
TC054: What is the field tip?,Make the bridge small enough to be true.
TC054: What is the strong version of: Me too. I know exactly what you mean.?,"I recognise the vague-timeline part. My situation was different, but that uncertainty piece is familiar. What has made it hardest on your side?"
TC054: What is the strong version of: Same.?,Same on the unclear-timeline part. What has been the main friction for you?
TC054: What is the strong version of: We are basically the same.?,We share the deadline pressure. Let us anchor on the one decision that reduces it.
"TC054: What is better than: ""I know exactly how you feel.""?","""I recognise one part of that."""
"TC054: What is better than: ""That happened to me too, and it was a nightmare...""?","One sentence of evidence, then return: ""...what keeps changing most for you?"""
"TC054: What is better than: ""We are the same kind of person.""?","Keep it situational: ""We seem to share a preference for clear timelines."""
TC054: What are signs it is working?,"They add detail after the signal. Their tone softens or becomes more animated. They say ""exactly"", ""yes"", ""that is it"", or ""right"". They ask about your brief version without losing their own thread. They move toward a shared next step. The conversation feels more relaxed but still focused."
TC054: When should you avoid this technique?,You would have to invent or exaggerate the similarity. They are sharing something painful and need listening more than affiliation.
TC054: What is the best recovery line?,I am making this too much about my version. Back to yours.
